actor,movie_or_TV_name
Jim Caviezel,Sound of Freedom
Jim Caviezel,The Passion of the Christ: Resurrection
Jim Caviezel,Infidel
Jim Caviezel,John Paul II in Ireland: A Plea for Peace
Jim Caviezel,Running for Grace
Jim Caviezel,"Paul, Apostle of Christ"
Jim Caviezel,"Onyx, Kings of the Grail"
Jim Caviezel,The Ballad of Lefty Brown
Jim Caviezel,The Face of Mercy
Jim Caviezel,When the Game Stands Tall
Jim Caviezel,Escape Plan
Jim Caviezel,Savannah
Jim Caviezel,Transit
Jim Caviezel,Person of Interest
Jim Caviezel,The Prisoner
Jim Caviezel,Long Weekend
Jim Caviezel,The Stoning of Soraya M.
Jim Caviezel,Facing Extinction: Christians of Iraq
Jim Caviezel,Outlander
Jim Caviezel,Déjà Vu
Jim Caviezel,Unknown
Jim Caviezel,The Final Cut
Jim Caviezel,Bobby Jones: Stroke of Genius
Jim Caviezel,The Big Question
Jim Caviezel,The Passion of the Christ
Jim Caviezel,Highwaymen
Jim Caviezel,I Am David
Jim Caviezel,Rosy-Fingered Dawn: A Film on Terrence Malick
Jim Caviezel,High Crimes
Jim Caviezel,The Count of Monte Cristo
Jim Caviezel,Angel Eyes
Jim Caviezel,Madison
Jim Caviezel,Pay It Forward
Jim Caviezel,Frequency
Jim Caviezel,Ride with the Devil
Jim Caviezel,The Thin Red Line
Jim Caviezel,G.I. Jane
Jim Caviezel,The View
Jim Caviezel,The Rock
Jim Caviezel,Ed
Jim Caviezel,Children of the Dust
Jim Caviezel,Wyatt Earp
Jim Caviezel,Blue Chips
Jim Caviezel,Diggstown
Jim Caviezel,My Own Private Idaho
Jim Caviezel,The Wonder Years
Jim Caviezel,"Murder, She Wrote"
Susan Misner,Fosse/Verdon
Susan Misner,God Friended Me
Susan Misner,Assassination Nation
Susan Misner,Tom Clancy's Jack Ryan
Susan Misner,"Summer Days, Summer Nights"
Susan Misner,Shut Eye
Susan Misner,Billions
Susan Misner,Being Charlie
Susan Misner,Gotham
Susan Misner,The Blacklist
Susan Misner,The Americans
Susan Misner,The Following
Susan Misner,Nashville
Susan Misner,Elementary
Susan Misner,Hope Springs
Susan Misner,Somebody's Hero
Susan Misner,Person of Interest
Susan Misner,Henley
Susan Misner,Blue Bloods
Susan Misner,White Collar
Susan Misner,Tanner Hall
Susan Misner,Cayman Went
Susan Misner,Royal Pains
Susan Misner,Life on Mars
Susan Misner,Fringe
Susan Misner,Gigantic
Susan Misner,Eavesdrop
Susan Misner,New Amsterdam
Susan Misner,In Treatment
Susan Misner,Gossip Girl
Susan Misner,If I Didn't Care
Susan Misner,The Kill Point
Susan Misner,The Hoax
Susan Misner,Vanished
Susan Misner,Mentor
Susan Misner,Conviction
Susan Misner,Two Weeks
Susan Misner,Night Stalker
Susan Misner,Walking on the Sky
Susan Misner,Alchemy
Susan Misner,Jonny Zero
Susan Misner,The Forgotten
Susan Misner,Rescue Me
Susan Misner,The Drum Beats Twice
Susan Misner,Something's Gotta Give
Susan Misner,NCIS
Susan Misner,Chicago
Susan Misner,Pipe Dream
Susan Misner,Without a Trace
Susan Misner,CSI: Miami
Susan Misner,Law & Order: Criminal Intent
Susan Misner,Queenie in Love
Susan Misner,Ed
Susan Misner,CSI: Crime Scene Investigation
Susan Misner,Law & Order: Special Victims Unit
Susan Misner,Sex and the City
Susan Misner,Everyone Says I Love You
Susan Misner,Cyber Vengeance
Susan Misner,Law & Order
Susan Misner,The Bad Guys
Susan Misner,Halston
Susan Misner,Fosse/Verdon
Lynn Marocola,American Trial: The Eric Garner Story
Lynn Marocola,Equal Standard
Lynn Marocola,FBI: Most Wanted
Lynn Marocola,Daniel Isn't Real
Lynn Marocola,Almost Family
Lynn Marocola,Tell Me a Story
Lynn Marocola,New Amsterdam
Lynn Marocola,FBI
Lynn Marocola,Manifest
Lynn Marocola,The Good Cop
Lynn Marocola,The Week Of
Lynn Marocola,Instinct
Lynn Marocola,The Sinner
Lynn Marocola,Okja
Lynn Marocola,By Any Means
Lynn Marocola,The History of Love
Lynn Marocola,Wolves
Lynn Marocola,Marvel's Luke Cage
Lynn Marocola,Bull
Lynn Marocola,Sully
Lynn Marocola,Evil Lives Here
Lynn Marocola,Billions
Lynn Marocola,Shades of Blue
Lynn Marocola,Marvel's Jessica Jones
Lynn Marocola,Quantico
Lynn Marocola,Mr. Robot
Lynn Marocola,Marvel's Daredevil
Lynn Marocola,Run All Night
Lynn Marocola,Birdman or (The Unexpected Virtue of Ignorance)
Lynn Marocola,Gotham
Lynn Marocola,The Mysteries of Laura
Lynn Marocola,Power
Lynn Marocola,The Amazing Spider-Man 2
Lynn Marocola,Orange Is the New Black
Lynn Marocola,The Following
Lynn Marocola,Elementary
Lynn Marocola,Homeland
Lynn Marocola,Person of Interest
Lynn Marocola,Unforgettable
Lynn Marocola,Blue Bloods
Lynn Marocola,Louie
Lynn Marocola,The Good Wife
Lynn Marocola,Law & Order: Special Victims Unit
Annie Parisse,Eric LaRue
Annie Parisse,Three Birthdays
Annie Parisse,Giving Birth to a Butterfly
Annie Parisse,Margo & Perry
Annie Parisse,Mrs. America
Annie Parisse,Paterno
Annie Parisse,The Looming Tower
Annie Parisse,Friends from College
Annie Parisse,Vinyl
Annie Parisse,Anesthesia
Annie Parisse,Wild Canaries
Annie Parisse,And So It Goes
Annie Parisse,The Following
Annie Parisse,Price Check
Annie Parisse,One for the Money
Annie Parisse,Person of Interest
Annie Parisse,The Tested
Annie Parisse,My Own Love Song
Annie Parisse,The Pacific
Annie Parisse,Tickling Leo
Annie Parisse,Fringe
Annie Parisse,"Definitely, Maybe"
Annie Parisse,Blackbird
Annie Parisse,Prime
Annie Parisse,Monster-in-Law
Annie Parisse,National Treasure
Annie Parisse,How to Lose a Guy in 10 Days
Annie Parisse,Third Watch
Annie Parisse,On the Q.T.
Annie Parisse,Friends
Annie Parisse,Law & Order
Winston Duke,Spenser Confidential 2
Winston Duke,Marked Man
Winston Duke,Heroine
Winston Duke,The Fall Guy
Winston Duke,Marvel Studios Assembled: The Making of Black Panther: Wakanda Forever
Winston Duke,Savage X Fenty Show Vol. 4
Winston Duke,Black Panther: Wakanda Forever
Winston Duke,Nine Days
Winston Duke,Chadwick Boseman: A Tribute for a King
Winston Duke,Spenser Confidential
Winston Duke,Avengers: Endgame
Winston Duke,Us
Winston Duke,Desus & Mero
Winston Duke,Avengers: Infinity War
Winston Duke,Black Panther
Winston Duke,The Late Show with Stephen Colbert
Winston Duke,The Tonight Show Starring Jimmy Fallon
Winston Duke,Person of Interest
Winston Duke,Modern Family
Winston Duke,The Graham Norton Show
Winston Duke,Jimmy Kimmel Live!
Winston Duke,Law & Order: Special Victims Unit
Winston Duke,Nine Days
Clarke Peters,Truelove
Clarke Peters,Last Sentinel
Clarke Peters,Sexual Healing
Clarke Peters,Whitney Houston: I Wanna Dance with Somebody
Clarke Peters,The Man Who Fell to Earth
Clarke Peters,Cameron Mackintosh - The First 50 Years
Clarke Peters,The Fortune
Clarke Peters,Foundation
Clarke Peters,The Royale
Clarke Peters,The Irregulars
Clarke Peters,Letters Live from the Archive: Freemasons’ Hall
Clarke Peters,Come Away
Clarke Peters,Count Basie: Through His Own Eyes
Clarke Peters,Da 5 Bloods
Clarke Peters,The Mandela Effect
Clarke Peters,Christmas Under the Stars
Clarke Peters,His Dark Materials
Clarke Peters,Harriet
Clarke Peters,The Opera Game
Clarke Peters,An Acceptable Loss
Clarke Peters,The Big Narstie Show
Clarke Peters,Bulletproof
Clarke Peters,"Three Billboards Outside Ebbing, Missouri"
Clarke Peters,Division 19
Clarke Peters,The Blacklist: Redemption
Clarke Peters,Chance
Clarke Peters,Rebirth in New Orleans
Clarke Peters,Fats Domino and The Birth of Rock ‘n’ Roll
Clarke Peters,Jericho
Clarke Peters,Roy Orbison: One of the Lonely Ones
Clarke Peters,Marvel's Jessica Jones
Clarke Peters,London Spy
Clarke Peters,The Bad Education Movie
Clarke Peters,Sean Connery: In His Own Words
Clarke Peters,Show Me a Hero
Clarke Peters,Partners in Crime
Clarke Peters,The Benefactor
Clarke Peters,Grace
Clarke Peters,John Wick
Clarke Peters,The Best of Me
Clarke Peters,Forever
Clarke Peters,The Divide
Clarke Peters,True Detective
Clarke Peters,Red Hook Summer
Clarke Peters,Searching for Sonny
Clarke Peters,Person of Interest
Clarke Peters,Blue Bloods
Clarke Peters,Locked In
Clarke Peters,Treme
Clarke Peters,Nativity!
Clarke Peters,Doctor Who: Dreamland
Clarke Peters,Brief Interviews with Hideous Men
Clarke Peters,Archer
Clarke Peters,Chess in Concert
Clarke Peters,Endgame
Clarke Peters,Marley & Me
Clarke Peters,Life on Mars
Clarke Peters,Gigantic
Clarke Peters,The Poker House
Clarke Peters,Sympathetic Details
Clarke Peters,The Wire: The Last Word
Clarke Peters,The Wire Odyssey
Clarke Peters,Tapping the Wire
Clarke Peters,Meadowlands
Clarke Peters,The One Show
Clarke Peters,Freedomland
Clarke Peters,Law & Order: Trial by Jury
Clarke Peters,Head of State
Clarke Peters,The Wire
Clarke Peters,Waking the Dead
Clarke Peters,The Corner
Clarke Peters,Notting Hill
Clarke Peters,"Hey, Mr. Producer! The Musical World of Cameron Mackintosh"
Clarke Peters,Oz
Clarke Peters,Jonathan Creek
Clarke Peters,Midsomer Murders
Clarke Peters,Chandler & Co.
Clarke Peters,Death Train
Clarke Peters,The Nicholas Brothers: We Sing and We Dance
Clarke Peters,Between the Lines
Clarke Peters,A Masculine Ending
Clarke Peters,Murder Most Horrid
Clarke Peters,A Casualty of War
Clarke Peters,"Red King, White Knight"
Clarke Peters,Up Line
Clarke Peters,American Masters
Clarke Peters,Mona Lisa
Clarke Peters,Facelift
Clarke Peters,King
Clarke Peters,Saigon: Year Of The Cat
Clarke Peters,Outland
Clarke Peters,Silver Dream Racer
Clarke Peters,The Music Machine
Clarke Peters,The Professionals
Sabir Pirzada,Untitled Nova Special
Sabir Pirzada,Ms. Marvel
Sabir Pirzada,Moon Knight
Sabir Pirzada,"Roswell, New Mexico"
Sabir Pirzada,Person of Interest
Sabir Pirzada,Ms. Marvel
Sabir Pirzada,Moon Knight
Ray Utarnachitt,DC's Legends of Tomorrow
Ray Utarnachitt,Supergirl
Ray Utarnachitt,The Flash
Ray Utarnachitt,The Tomorrow People
Ray Utarnachitt,Person of Interest
Ray Utarnachitt,DC's Legends of Tomorrow
Ray Utarnachitt,Flightplan
Sean Hennen,The Blacklist: Redemption
Sean Hennen,Minority Report
Sean Hennen,The Blacklist
Sean Hennen,Person of Interest
Sean Hennen,The Blacklist
Patrick Harbinson,Homeland
Patrick Harbinson,Person of Interest
Patrick Harbinson,Kidnap and Ransom
Patrick Harbinson,The Day of the Triffids
Patrick Harbinson,Place of Execution
Patrick Harbinson,Red Cap
Patrick Harbinson,24
Patrick Harbinson,Dark Angel
Patrick Harbinson,The Waiting Time
Patrick Harbinson,Law & Order: Special Victims Unit
Patrick Harbinson,Hornblower: The Duchess and the Devil
Patrick Harbinson,Frenchman's Creek
Patrick Harbinson,C-16: FBI
Patrick Harbinson,Sharpe's Justice
Patrick Harbinson,Millennium
Patrick Harbinson,ER
Patrick Harbinson,Sharpe
Patrick Harbinson,Fearless
Patrick Harbinson,Fearless
Patrick Harbinson,Steel River Blues
Patrick Harbinson,Law & Order: Special Victims Unit
Patrick Harbinson,ER
Michael Sopczynski,Person of Interest
Melissa Scrivner-Love,FBI: Most Wanted
Melissa Scrivner-Love,Rosewood
Melissa Scrivner-Love,Person of Interest
Melissa Scrivner-Love,Creeper
Melissa Scrivner-Love,FBI: Most Wanted
Nic Van Zeebroeck,The Last Ship
Nic Van Zeebroeck,Person of Interest
